Workbook

Sheet Исходные данные
A1: сотрудник | B1: паспорт | C1: должность
A2: Иванов Иван Иванович | B2: 1234567890 | C2: секретарь
A3: Петров Петр Петрович | B3: 2433676734 | C3: генеральный директор
A4: Сидорова Анна Сергеевна | B4: 4625656566 | C4: главный бухгалтер
A5: Кузнецов Алексей Олегович | B5: 5465656465 | C5: руководитель службы безопасноти
A6: Волкова Елена Викторовна | B6: 6256254443 | C6: директор по развитию

Sheet Ключи
A1: ФИО | B1: ШИФР ФИО | C1: 1753
A2: ='Исходные данные'!A2 -> Иванов Иван Иванович | B2: ФИО 1
A3: ='Исходные данные'!A3 -> Петров Петр Петрович | B3: ФИО 2
A4: ='Исходные данные'!A4 -> Сидорова Анна Сергеевна | B4: ФИО 3
A5: ='Исходные данные'!A5 -> Кузнецов Алексей Олегович | B5: ФИО 4
A6: ='Исходные данные'!A6 -> Волкова Елена Викторовна | B6: ФИО 5

Sheet Зашифрованные данные
A1: сотрудник | B1: паспорт | C1: должность
A2: =Ключи!B2 -> ФИО 1 | B2: ='Исходные данные'!B2+Ключи!$C$1 -> 1234569643 | C2: ='Исходные данные'!C2 -> секретарь
A3: =Ключи!B3 -> ФИО 2 | B3: ='Исходные данные'!B3+Ключи!$C$1 -> 2433678487 | C3: ='Исходные данные'!C3 -> генеральный директор
A4: =Ключи!B4 -> ФИО 3 | B4: ='Исходные данные'!B4+Ключи!$C$1 -> 4625658319 | C4: ='Исходные данные'!C4 -> главный бухгалтер
A5: =Ключи!B5 -> ФИО 4 | B5: ='Исходные данные'!B5+Ключи!$C$1 -> 5465658218 | C5: ='Исходные данные'!C5 -> руководитель службы безопасноти
A6: =Ключи!B6 -> ФИО 5 | B6: ='Исходные данные'!B6+Ключи!$C$1 -> 6256256196 | C6: ='Исходные данные'!C6 -> директор по развитию

Sheet Расшифрованные данные
A1: сотрудник | B1: паспорт | C1: должность
A2: =Ключи!A2 -> Иванов Иван Иванович | B2: ='Зашифрованные данные'!B2-Ключи!$C$1 -> 1234567890 | C2: ='Зашифрованные данные'!C2 -> секретарь
A3: =Ключи!A3 -> Петров Петр Петрович | B3: ='Зашифрованные данные'!B3-Ключи!$C$1 -> 2433676734 | C3: ='Зашифрованные данные'!C3 -> генеральный директор
A4: =Ключи!A4 -> Сидорова Анна Сергеевна | B4: ='Зашифрованные данные'!B4-Ключи!$C$1 -> 4625656566 | C4: ='Зашифрованные данные'!C4 -> главный бухгалтер
A5: =Ключи!A5 -> Кузнецов Алексей Олегович | B5: ='Зашифрованные данные'!B5-Ключи!$C$1 -> 5465656465 | C5: ='Зашифрованные данные'!C5 -> руководитель службы безопасноти
A6: =Ключи!A6 -> Волкова Елена Викторовна | B6: ='Зашифрованные данные'!B6-Ключи!$C$1 -> 6256254443 | C6: ='Зашифрованные данные'!C6 -> директор по развитию
